session_slug,track,solver,instance,event_index,elapsed,objective
baseline,XCSP3-2025-COP25,ortools,AlteredStates-02_c25.xml.lzma,0,1.601994514465332,0.0
baseline,XCSP3-2025-COP25,ortools,AlteredStates-02_c25.xml.lzma,1,1.6104848384857178,7.0
baseline,XCSP3-2025-COP25,ortools,AlteredStates-06_c25.xml.lzma,0,26.92686104774475,0.0
baseline,XCSP3-2025-COP25,ortools,AlteredStates-06_c25.xml.lzma,1,27.19961166381836,8.0
baseline,XCSP3-2025-COP25,ortools,AlteredStates-06_c25.xml.lzma,2,27.38582706451416,34.0
baseline,XCSP3-2025-COP25,ortools,AlteredStates-06_c25.xml.lzma,3,28.031272649765015,40.0
baseline,XCSP3-2025-COP25,ortools,AlteredStates-06_c25.xml.lzma,4,28.492159366607666,48.0
baseline,XCSP3-2025-COP25,ortools,AlteredStates-06_c25.xml.lzma,5,30.034520864486694,58.0
baseline,XCSP3-2025-COP25,ortools,AlteredStates-06_c25.xml.lzma,6,34.469040393829346,64.0
baseline,XCSP3-2025-COP25,ortools,AlteredStates-06_c25.xml.lzma,7,35.33933758735657,68.0
baseline,XCSP3-2025-COP25,ortools,AlteredStates-06_c25.xml.lzma,8,36.2127468585968,73.0
baseline,XCSP3-2025-COP25,ortools,AlteredStates-06_c25.xml.lzma,9,43.984864473342896,74.0
baseline,XCSP3-2025-COP25,ortools,AlteredStates-06_c25.xml.lzma,10,74.83971524238586,81.0
baseline,XCSP3-2025-COP25,ortools,AlteredStates-06_c25.xml.lzma,11,76.64338731765747,88.0
baseline,XCSP3-2025-COP25,ortools,AlteredStates-06_c25.xml.lzma,12,107.13907194137573,90.0
baseline,XCSP3-2025-COP25,ortools,AlteredStates-06_c25.xml.lzma,13,109.4759418964386,94.0
baseline,XCSP3-2025-COP25,ortools,AlteredStates-06_c25.xml.lzma,14,113.58517575263977,96.0
baseline,XCSP3-2025-COP25,ortools,AlteredStates-06_c25.xml.lzma,15,150.33051896095276,99.0
baseline,XCSP3-2025-COP25,ortools,AlteredStates-06_c25.xml.lzma,16,158.2602608203888,103.0
baseline,XCSP3-2025-COP25,ortools,AlteredStates-06_c25.xml.lzma,17,189.2682979106903,106.0
baseline,XCSP3-2025-COP25,ortools,AlteredStates-06_c25.xml.lzma,18,218.5774848461151,110.0
baseline,XCSP3-2025-COP25,ortools,AlteredStates-06_c25.xml.lzma,19,232.71596312522888,111.0
baseline,XCSP3-2025-COP25,ortools,AlteredStates-06_c25.xml.lzma,20,264.69911456108093,116.0
baseline,XCSP3-2025-COP25,ortools,AlteredStates-06_c25.xml.lzma,21,298.46344447135925,124.0
baseline,XCSP3-2025-COP25,ortools,AlteredStates-08_c25.xml.lzma,0,35.78019952774048,0.0
baseline,XCSP3-2025-COP25,ortools,AlteredStates-08_c25.xml.lzma,1,36.24461269378662,8.0
baseline,XCSP3-2025-COP25,ortools,AlteredStates-08_c25.xml.lzma,2,36.50763559341431,25.0
baseline,XCSP3-2025-COP25,ortools,AlteredStates-08_c25.xml.lzma,3,37.62556838989258,29.0
baseline,XCSP3-2025-COP25,ortools,AlteredStates-08_c25.xml.lzma,4,38.43638586997986,74.0
baseline,XCSP3-2025-COP25,ortools,AlteredStates-08_c25.xml.lzma,5,39.0470404624939,78.0
baseline,XCSP3-2025-COP25,ortools,AlteredStates-08_c25.xml.lzma,6,39.41128730773926,85.0
baseline,XCSP3-2025-COP25,ortools,AlteredStates-08_c25.xml.lzma,7,40.13546180725098,92.0
baseline,XCSP3-2025-COP25,ortools,AlteredStates-08_c25.xml.lzma,8,40.442708253860474,103.0
baseline,XCSP3-2025-COP25,ortools,AlteredStates-08_c25.xml.lzma,9,41.31960701942444,109.0
baseline,XCSP3-2025-COP25,ortools,AlteredStates-08_c25.xml.lzma,10,51.86454701423645,115.0
baseline,XCSP3-2025-COP25,ortools,AlteredStates-08_c25.xml.lzma,11,58.873464584350586,120.0
baseline,XCSP3-2025-COP25,ortools,AlteredStates-08_c25.xml.lzma,12,62.8077654838562,125.0
baseline,XCSP3-2025-COP25,ortools,AlteredStates-08_c25.xml.lzma,13,69.87900304794312,127.0
baseline,XCSP3-2025-COP25,ortools,AlteredStates-08_c25.xml.lzma,14,89.59535241127014,128.0
baseline,XCSP3-2025-COP25,ortools,AlteredStates-08_c25.xml.lzma,15,91.63757658004761,134.0
baseline,XCSP3-2025-COP25,ortools,AlteredStates-08_c25.xml.lzma,16,97.32077217102051,135.0
baseline,XCSP3-2025-COP25,ortools,AlteredStates-08_c25.xml.lzma,17,109.2662034034729,137.0
baseline,XCSP3-2025-COP25,ortools,AlteredStates-08_c25.xml.lzma,18,123.0609827041626,139.0
baseline,XCSP3-2025-COP25,ortools,AlteredStates-08_c25.xml.lzma,19,170.43454337120056,145.0
baseline,XCSP3-2025-COP25,ortools,AlteredStates-08_c25.xml.lzma,20,184.1726324558258,148.0
baseline,XCSP3-2025-COP25,ortools,AlteredStates-08_c25.xml.lzma,21,185.28875494003296,157.0
baseline,XCSP3-2025-COP25,ortools,AlteredStates-08_c25.xml.lzma,22,238.5282826423645,158.0
baseline,XCSP3-2025-COP25,ortools,AlteredStates-08_c25.xml.lzma,23,259.1646919250488,162.0
baseline,XCSP3-2025-COP25,ortools,AlteredStates-08_c25.xml.lzma,24,288.10871481895447,167.0
baseline,XCSP3-2025-COP25,ortools,AlteredStates-08_c25.xml.lzma,25,324.50561571121216,172.0
baseline,XCSP3-2025-COP25,ortools,AlteredStates-08_c25.xml.lzma,26,471.06622982025146,176.0
baseline,XCSP3-2025-COP25,ortools,AlteredStates-08_c25.xml.lzma,27,495.7050278186798,178.0
baseline,XCSP3-2025-COP25,ortools,AlteredStates-10_c25.xml.lzma,0,44.166969299316406,0.0
baseline,XCSP3-2025-COP25,ortools,AlteredStates-10_c25.xml.lzma,1,44.900044679641724,8.0
baseline,XCSP3-2025-COP25,ortools,AlteredStates-10_c25.xml.lzma,2,45.33813405036926,29.0
baseline,XCSP3-2025-COP25,ortools,AlteredStates-10_c25.xml.lzma,3,47.20769143104553,33.0
baseline,XCSP3-2025-COP25,ortools,AlteredStates-10_c25.xml.lzma,4,48.269532680511475,43.0
baseline,XCSP3-2025-COP25,ortools,AlteredStates-10_c25.xml.lzma,5,49.30941319465637,47.0
baseline,XCSP3-2025-COP25,ortools,AlteredStates-10_c25.xml.lzma,6,49.93297100067139,61.0
baseline,XCSP3-2025-COP25,ortools,AlteredStates-10_c25.xml.lzma,7,50.997005462646484,68.0
baseline,XCSP3-2025-COP25,ortools,AlteredStates-10_c25.xml.lzma,8,51.41376733779907,80.0
baseline,XCSP3-2025-COP25,ortools,AlteredStates-10_c25.xml.lzma,9,53.50859618186951,94.0
baseline,XCSP3-2025-COP25,ortools,AlteredStates-10_c25.xml.lzma,10,55.068796157836914,104.0
baseline,XCSP3-2025-COP25,ortools,AlteredStates-10_c25.xml.lzma,11,55.83640503883362,129.0
baseline,XCSP3-2025-COP25,ortools,AlteredStates-10_c25.xml.lzma,12,58.2814679145813,142.0
baseline,XCSP3-2025-COP25,ortools,AlteredStates-10_c25.xml.lzma,13,59.69478440284729,144.0
baseline,XCSP3-2025-COP25,ortools,AlteredStates-10_c25.xml.lzma,14,62.86813044548035,152.0
baseline,XCSP3-2025-COP25,ortools,AlteredStates-10_c25.xml.lzma,15,65.04031372070312,155.0
baseline,XCSP3-2025-COP25,ortools,AlteredStates-10_c25.xml.lzma,16,66.29789066314697,162.0
baseline,XCSP3-2025-COP25,ortools,AlteredStates-10_c25.xml.lzma,17,70.37141537666321,173.0
baseline,XCSP3-2025-COP25,ortools,AlteredStates-10_c25.xml.lzma,18,80.2352340221405,184.0
baseline,XCSP3-2025-COP25,ortools,AlteredStates-10_c25.xml.lzma,19,82.04977774620056,189.0
baseline,XCSP3-2025-COP25,ortools,AlteredStates-10_c25.xml.lzma,20,88.9989185333252,202.0
baseline,XCSP3-2025-COP25,ortools,AlteredStates-10_c25.xml.lzma,21,104.30479836463928,209.0
baseline,XCSP3-2025-COP25,ortools,AlteredStates-10_c25.xml.lzma,22,106.32896590232849,216.0
baseline,XCSP3-2025-COP25,ortools,AlteredStates-10_c25.xml.lzma,23,108.60697817802429,229.0
baseline,XCSP3-2025-COP25,ortools,AlteredStates-10_c25.xml.lzma,24,113.3014440536499,230.0
baseline,XCSP3-2025-COP25,ortools,AlteredStates-10_c25.xml.lzma,25,116.02497291564941,234.0
baseline,XCSP3-2025-COP25,ortools,AlteredStates-10_c25.xml.lzma,26,135.47302079200745,240.0
baseline,XCSP3-2025-COP25,ortools,AlteredStates-10_c25.xml.lzma,27,223.0869677066803,247.0
baseline,XCSP3-2025-COP25,ortools,AlteredStates-10_c25.xml.lzma,28,462.2633454799652,248.0
baseline,XCSP3-2025-COP25,ortools,AlteredStates-bis-02_c25.xml.lzma,0,1.4547967910766602,0.0
baseline,XCSP3-2025-COP25,ortools,AlteredStates-bis-02_c25.xml.lzma,1,1.8768596649169922,6785528.0
baseline,XCSP3-2025-COP25,ortools,AlteredStates-bis-02_c25.xml.lzma,2,1.9105956554412842,8147887.0
baseline,XCSP3-2025-COP25,ortools,AlteredStates-bis-02_c25.xml.lzma,3,2.001044988632202,9723408.0
baseline,XCSP3-2025-COP25,ortools,AlteredStates-bis-02_c25.xml.lzma,4,2.0455803871154785,9975897.0
baseline,XCSP3-2025-COP25,ortools,AlteredStates-bis-02_c25.xml.lzma,5,2.0528836250305176,18584976.0
baseline,XCSP3-2025-COP25,ortools,AlteredStates-bis-02_c25.xml.lzma,6,2.0579817295074463,21775345.0
baseline,XCSP3-2025-COP25,ortools,AlteredStates-bis-02_c25.xml.lzma,7,5.525695085525513,29145505.0
baseline,XCSP3-2025-COP25,ortools,AlteredStates-bis-06_c25.xml.lzma,0,11.426750183105469,0.0
baseline,XCSP3-2025-COP25,ortools,AlteredStates-bis-06_c25.xml.lzma,1,11.684833288192749,989948.0
baseline,XCSP3-2025-COP25,ortools,AlteredStates-bis-06_c25.xml.lzma,2,12.089879512786865,2960840.0
baseline,XCSP3-2025-COP25,ortools,AlteredStates-bis-06_c25.xml.lzma,3,12.6736581325531,9746368.0
baseline,XCSP3-2025-COP25,ortools,AlteredStates-bis-06_c25.xml.lzma,4,13.006814241409302,23052783.0
baseline,XCSP3-2025-COP25,ortools,AlteredStates-bis-06_c25.xml.lzma,5,13.09255862236023,34852231.0
baseline,XCSP3-2025-COP25,ortools,AlteredStates-bis-06_c25.xml.lzma,6,13.296134948730469,67102350.0
baseline,XCSP3-2025-COP25,ortools,AlteredStates-bis-06_c25.xml.lzma,7,13.672557830810547,69219872.0
baseline,XCSP3-2025-COP25,ortools,AlteredStates-bis-06_c25.xml.lzma,8,13.872214555740356,92892030.0
baseline,XCSP3-2025-COP25,ortools,AlteredStates-bis-06_c25.xml.lzma,9,15.070206642150879,97192269.0
baseline,XCSP3-2025-COP25,ortools,AlteredStates-bis-06_c25.xml.lzma,10,15.676109313964844,104897550.0
baseline,XCSP3-2025-COP25,ortools,AlteredStates-bis-06_c25.xml.lzma,11,16.09765076637268,113272386.0
baseline,XCSP3-2025-COP25,ortools,AlteredStates-bis-06_c25.xml.lzma,12,17.183682680130005,122437720.0
baseline,XCSP3-2025-COP25,ortools,AlteredStates-bis-06_c25.xml.lzma,13,21.330843687057495,127461999.0
baseline,XCSP3-2025-COP25,ortools,AlteredStates-bis-06_c25.xml.lzma,14,21.893898487091064,128917270.0
baseline,XCSP3-2025-COP25,ortools,AlteredStates-bis-06_c25.xml.lzma,15,32.56363773345947,130756376.0
baseline,XCSP3-2025-COP25,ortools,AlteredStates-bis-06_c25.xml.lzma,16,34.25736713409424,133717655.0
baseline,XCSP3-2025-COP25,ortools,AlteredStates-bis-06_c25.xml.lzma,17,37.754101276397705,148277868.0
baseline,XCSP3-2025-COP25,ortools,AlteredStates-bis-06_c25.xml.lzma,18,45.68322277069092,155393920.0
baseline,XCSP3-2025-COP25,ortools,AlteredStates-bis-06_c25.xml.lzma,19,51.797438859939575,159575035.0
baseline,XCSP3-2025-COP25,ortools,AlteredStates-bis-06_c25.xml.lzma,20,59.16241693496704,161536539.0
baseline,XCSP3-2025-COP25,ortools,AlteredStates-bis-06_c25.xml.lzma,21,131.83269619941711,165773795.0
baseline,XCSP3-2025-COP25,ortools,AlteredStates-bis-06_c25.xml.lzma,22,184.64046382904053,167196709.0
baseline,XCSP3-2025-COP25,ortools,AlteredStates-bis-06_c25.xml.lzma,23,199.1183865070343,170803823.0
baseline,XCSP3-2025-COP25,ortools,AlteredStates-bis-06_c25.xml.lzma,24,210.84630751609802,170932196.0
baseline,XCSP3-2025-COP25,ortools,AlteredStates-bis-06_c25.xml.lzma,25,212.09045577049255,175589953.0
baseline,XCSP3-2025-COP25,ortools,AlteredStates-bis-06_c25.xml.lzma,26,212.15458154678345,188402461.0
baseline,XCSP3-2025-COP25,ortools,AlteredStates-bis-06_c25.xml.lzma,27,216.61867308616638,204232794.0
baseline,XCSP3-2025-COP25,ortools,AlteredStates-bis-06_c25.xml.lzma,28,219.43104577064514,211384296.0
baseline,XCSP3-2025-COP25,ortools,AlteredStates-bis-06_c25.xml.lzma,29,228.8253996372223,212027373.0
baseline,XCSP3-2025-COP25,ortools,AlteredStates-bis-06_c25.xml.lzma,30,229.60656690597534,213482644.0
baseline,XCSP3-2025-COP25,ortools,AlteredStates-bis-06_c25.xml.lzma,31,238.9779953956604,214216035.0
baseline,XCSP3-2025-COP25,ortools,AlteredStates-bis-06_c25.xml.lzma,32,244.91418862342834,222478200.0
baseline,XCSP3-2025-COP25,ortools,AlteredStates-bis-06_c25.xml.lzma,33,263.2855396270752,223140451.0
baseline,XCSP3-2025-COP25,ortools,AlteredStates-bis-06_c25.xml.lzma,34,266.02980756759644,229654322.0
baseline,XCSP3-2025-COP25,ortools,AlteredStates-bis-06_c25.xml.lzma,35,269.2680869102478,241224178.0
baseline,XCSP3-2025-COP25,ortools,AlteredStates-bis-06_c25.xml.lzma,36,282.1583309173584,247145035.0
baseline,XCSP3-2025-COP25,ortools,AlteredStates-bis-06_c25.xml.lzma,37,288.05256175994873,253814924.0
baseline,XCSP3-2025-COP25,ortools,AlteredStates-bis-10_c25.xml.lzma,0,35.509467124938965,0.0
baseline,XCSP3-2025-COP25,ortools,AlteredStates-bis-10_c25.xml.lzma,1,36.212902545928955,989948.0
baseline,XCSP3-2025-COP25,ortools,AlteredStates-bis-10_c25.xml.lzma,2,36.59226202964783,3951227.0
baseline,XCSP3-2025-COP25,ortools,AlteredStates-bis-10_c25.xml.lzma,3,37.61980724334717,6889107.0
baseline,XCSP3-2025-COP25,ortools,AlteredStates-bis-10_c25.xml.lzma,4,38.4461395740509,13674635.0
baseline,XCSP3-2025-COP25,ortools,AlteredStates-bis-10_c25.xml.lzma,5,39.72736215591431,62249526.0
baseline,XCSP3-2025-COP25,ortools,AlteredStates-bis-10_c25.xml.lzma,6,41.44619870185852,63333751.0
baseline,XCSP3-2025-COP25,ortools,AlteredStates-bis-10_c25.xml.lzma,7,42.64765763282776,83535000.0
baseline,XCSP3-2025-COP25,ortools,AlteredStates-bis-10_c25.xml.lzma,8,43.38721966743469,95418718.0
baseline,XCSP3-2025-COP25,ortools,AlteredStates-bis-10_c25.xml.lzma,9,45.160825967788696,106019885.0
baseline,XCSP3-2025-COP25,ortools,AlteredStates-bis-10_c25.xml.lzma,10,46.29960322380066,132676116.0
baseline,XCSP3-2025-COP25,ortools,AlteredStates-bis-10_c25.xml.lzma,11,48.12755584716797,134469832.0
baseline,XCSP3-2025-COP25,ortools,AlteredStates-bis-10_c25.xml.lzma,12,51.40924525260925,136308938.0
baseline,XCSP3-2025-COP25,ortools,AlteredStates-bis-10_c25.xml.lzma,13,53.30470871925354,149805635.0
baseline,XCSP3-2025-COP25,ortools,AlteredStates-bis-10_c25.xml.lzma,14,55.881293535232544,155960548.0
baseline,XCSP3-2025-COP25,ortools,AlteredStates-bis-10_c25.xml.lzma,15,56.59436392784119,157216751.0
baseline,XCSP3-2025-COP25,ortools,AlteredStates-bis-10_c25.xml.lzma,16,60.877896308898926,164368253.0
baseline,XCSP3-2025-COP25,ortools,AlteredStates-bis-10_c25.xml.lzma,17,63.7764036655426,203906476.0
baseline,XCSP3-2025-COP25,ortools,AlteredStates-bis-10_c25.xml.lzma,18,68.05416941642761,205867980.0
baseline,XCSP3-2025-COP25,ortools,AlteredStates-bis-10_c25.xml.lzma,19,73.87541913986206,216738173.0
baseline,XCSP3-2025-COP25,ortools,AlteredStates-bis-10_c25.xml.lzma,20,81.81235265731812,221244009.0
baseline,XCSP3-2025-COP25,ortools,AlteredStates-bis-10_c25.xml.lzma,21,82.15196228027344,227017723.0
baseline,XCSP3-2025-COP25,ortools,AlteredStates-bis-10_c25.xml.lzma,22,94.92164301872253,237095054.0
baseline,XCSP3-2025-COP25,ortools,AlteredStates-bis-10_c25.xml.lzma,23,98.98422574996948,247806962.0
baseline,XCSP3-2025-COP25,ortools,AlteredStates-bis-10_c25.xml.lzma,24,102.9374771118164,252464719.0
baseline,XCSP3-2025-COP25,ortools,AlteredStates-bis-10_c25.xml.lzma,25,117.9729573726654,274002906.0
baseline,XCSP3-2025-COP25,ortools,AlteredStates-bis-10_c25.xml.lzma,26,144.07458662986755,280539701.0
baseline,XCSP3-2025-COP25,ortools,AlteredStates-bis-10_c25.xml.lzma,27,220.54245448112488,290979089.0
baseline,XCSP3-2025-COP25,ortools,AlteredStates-bis-10_c25.xml.lzma,28,312.1929495334625,291758183.0
baseline,XCSP3-2025-COP25,ortools,AlteredStates-bis-10_c25.xml.lzma,29,327.4157066345215,296882106.0
baseline,XCSP3-2025-COP25,ortools,AlteredStates-bis-10_c25.xml.lzma,30,423.24554109573364,309051537.0
baseline,XCSP3-2025-COP25,ortools,AlteredStates-bis-10_c25.xml.lzma,31,538.4360249042511,309694614.0
baseline,XCSP3-2025-COP25,ortools,AlteredStates-bis-10_c25.xml.lzma,32,547.7227673530579,310271465.0
baseline,XCSP3-2025-COP25,ortools,AlteredStates-bis-15_c25.xml.lzma,0,120.47305154800415,0.0
baseline,XCSP3-2025-COP25,ortools,AlteredStates-bis-15_c25.xml.lzma,1,122.4804515838623,989948.0
baseline,XCSP3-2025-COP25,ortools,AlteredStates-bis-15_c25.xml.lzma,2,123.69696998596191,10862067.0
baseline,XCSP3-2025-COP25,ortools,AlteredStates-bis-15_c25.xml.lzma,3,128.7356026172638,17647595.0
baseline,XCSP3-2025-COP25,ortools,AlteredStates-bis-15_c25.xml.lzma,4,130.96232962608337,24799097.0
baseline,XCSP3-2025-COP25,ortools,AlteredStates-bis-15_c25.xml.lzma,5,133.61360883712769,29823376.0
baseline,XCSP3-2025-COP25,ortools,AlteredStates-bis-15_c25.xml.lzma,6,134.98807835578918,34060632.0
baseline,XCSP3-2025-COP25,ortools,AlteredStates-bis-15_c25.xml.lzma,7,137.84723544120789,36178154.0
baseline,XCSP3-2025-COP25,ortools,AlteredStates-bis-15_c25.xml.lzma,8,138.92180800437927,40683990.0
baseline,XCSP3-2025-COP25,ortools,AlteredStates-bis-15_c25.xml.lzma,9,142.43485116958618,52505752.0
baseline,XCSP3-2025-COP25,ortools,AlteredStates-bis-15_c25.xml.lzma,10,145.04772400856018,85921473.0
baseline,XCSP3-2025-COP25,ortools,AlteredStates-bis-15_c25.xml.lzma,11,148.7939257621765,96360861.0
baseline,XCSP3-2025-COP25,ortools,AlteredStates-bis-15_c25.xml.lzma,12,151.11007285118103,119856871.0
baseline,XCSP3-2025-COP25,ortools,AlteredStates-bis-15_c25.xml.lzma,13,158.1519420146942,121695977.0
baseline,XCSP3-2025-COP25,ortools,AlteredStates-bis-15_c25.xml.lzma,14,162.29239559173584,128832050.0
baseline,XCSP3-2025-COP25,ortools,AlteredStates-bis-15_c25.xml.lzma,15,167.4711811542511,138909381.0
baseline,XCSP3-2025-COP25,ortools,AlteredStates-bis-15_c25.xml.lzma,16,170.84070563316345,145939298.0
baseline,XCSP3-2025-COP25,ortools,AlteredStates-bis-15_c25.xml.lzma,17,176.92394161224365,175084803.0
baseline,XCSP3-2025-COP25,ortools,AlteredStates-bis-15_c25.xml.lzma,18,180.16308093070984,196583551.0
baseline,XCSP3-2025-COP25,ortools,AlteredStates-bis-15_c25.xml.lzma,19,187.24568367004395,197316942.0
baseline,XCSP3-2025-COP25,ortools,AlteredStates-bis-15_c25.xml.lzma,20,199.7232255935669,199278446.0
baseline,XCSP3-2025-COP25,ortools,AlteredStates-bis-15_c25.xml.lzma,21,213.8487675189972,205749015.0
baseline,XCSP3-2025-COP25,ortools,AlteredStates-bis-15_c25.xml.lzma,22,222.19819259643555,208760539.0
baseline,XCSP3-2025-COP25,ortools,AlteredStates-bis-15_c25.xml.lzma,23,225.56788539886475,218049533.0
baseline,XCSP3-2025-COP25,ortools,AlteredStates-bis-15_c25.xml.lzma,24,238.35263442993164,262245513.0
baseline,XCSP3-2025-COP25,ortools,AlteredStates-bis-15_c25.xml.lzma,25,249.14636254310608,283783700.0
baseline,XCSP3-2025-COP25,ortools,AlteredStates-bis-15_c25.xml.lzma,26,287.64096450805664,303984949.0
baseline,XCSP3-2025-COP25,ortools,AlteredStates-bis-15_c25.xml.lzma,27,337.98586654663086,305082328.0
baseline,XCSP3-2025-COP25,ortools,AlteredStates-bis-15_c25.xml.lzma,28,340.7803256511688,308688272.0
baseline,XCSP3-2025-COP25,ortools,AlteredStates-bis-15_c25.xml.lzma,29,365.5797381401062,309467366.0
baseline,XCSP3-2025-COP25,ortools,AlteredStates-bis-15_c25.xml.lzma,30,399.59641909599304,314585791.0
baseline,XCSP3-2025-COP25,ortools,AlteredStates-bis-15_c25.xml.lzma,31,459.4797022342682,316379507.0
baseline,XCSP3-2025-COP25,ortools,AlteredStates-bis-15_c25.xml.lzma,32,541.738032579422,329382207.0
baseline,XCSP3-2025-COP25,ortools,AlteredStates-bis-15_c25.xml.lzma,33,543.2196023464203,330759736.0
baseline,XCSP3-2025-COP25,ortools,BlockModeling-kansas-02_c25.xml.lzma,0,0.8717856407165527,148.0
baseline,XCSP3-2025-COP25,ortools,BlockModeling-kansas-02_c25.xml.lzma,1,0.90456223487854,141.0
baseline,XCSP3-2025-COP25,ortools,BlockModeling-kansas-02_c25.xml.lzma,2,0.92826247215271,134.0
baseline,XCSP3-2025-COP25,ortools,BlockModeling-kansas-02_c25.xml.lzma,3,1.0406179428100586,131.0
baseline,XCSP3-2025-COP25,ortools,BlockModeling-kansas-02_c25.xml.lzma,4,1.0482873916625977,124.0
baseline,XCSP3-2025-COP25,ortools,BlockModeling-kansas-02_c25.xml.lzma,5,1.0580604076385498,106.0
baseline,XCSP3-2025-COP25,ortools,BlockModeling-kansas-02_c25.xml.lzma,6,1.2434666156768799,105.0
baseline,XCSP3-2025-COP25,ortools,BlockModeling-kansas-02_c25.xml.lzma,7,6.717742681503296,104.0
baseline,XCSP3-2025-COP25,ortools,BlockModeling-kansas-02_c25.xml.lzma,8,6.738160133361816,102.0
baseline,XCSP3-2025-COP25,ortools,BlockModeling-kansas-02_c25.xml.lzma,9,6.781817674636841,96.0
baseline,XCSP3-2025-COP25,ortools,BlockModeling-kansas-10_c25.xml.lzma,0,22.7245876789093,108.0
baseline,XCSP3-2025-COP25,ortools,BlockModeling-kansas-10_c25.xml.lzma,1,23.123525381088257,86.0
baseline,XCSP3-2025-COP25,ortools,BlockModeling-kansas-10_c25.xml.lzma,2,23.215598344802856,85.0
baseline,XCSP3-2025-COP25,ortools,BlockModeling-kansas-10_c25.xml.lzma,3,23.343709707260132,84.0
baseline,XCSP3-2025-COP25,ortools,BlockModeling-kansas-10_c25.xml.lzma,4,24.157261610031128,80.0
baseline,XCSP3-2025-COP25,ortools,BlockModeling-kansas-10_c25.xml.lzma,5,24.833045959472656,76.0
baseline,XCSP3-2025-COP25,ortools,BlockModeling-kansas-10_c25.xml.lzma,6,24.9159255027771,70.0
baseline,XCSP3-2025-COP25,ortools,BlockModeling-kansas-10_c25.xml.lzma,7,25.062926292419434,67.0
baseline,XCSP3-2025-COP25,ortools,BlockModeling-kansas-10_c25.xml.lzma,8,29.789271116256714,66.0
baseline,XCSP3-2025-COP25,ortools,BlockModeling-kansas-10_c25.xml.lzma,9,33.60357356071472,60.0
baseline,XCSP3-2025-COP25,ortools,BlockModeling-kansas-10_c25.xml.lzma,10,35.33694338798523,58.0
baseline,XCSP3-2025-COP25,ortools,BlockModeling-kansas-10_c25.xml.lzma,11,35.56293845176697,57.0
baseline,XCSP3-2025-COP25,ortools,BlockModeling-kansas-10_c25.xml.lzma,12,35.721850872039795,55.0
baseline,XCSP3-2025-COP25,ortools,BlockModeling-kansas-10_c25.xml.lzma,13,38.31737685203552,54.0
baseline,XCSP3-2025-COP25,ortools,BlockModeling-kansas-10_c25.xml.lzma,14,40.03020000457764,53.0
baseline,XCSP3-2025-COP25,ortools,BlockModeling-kansas-10_c25.xml.lzma,15,42.95851469039917,50.0
baseline,XCSP3-2025-COP25,ortools,BlockModeling-kansas-10_c25.xml.lzma,16,43.7248055934906,49.0
baseline,XCSP3-2025-COP25,ortools,BlockModeling-kansas-10_c25.xml.lzma,17,43.89369177818298,48.0
baseline,XCSP3-2025-COP25,ortools,BlockModeling-kansas-10_c25.xml.lzma,18,50.599674224853516,47.0
baseline,XCSP3-2025-COP25,ortools,BlockModeling-kansas-10_c25.xml.lzma,19,408.7700581550598,46.0
baseline,XCSP3-2025-COP25,ortools,BlockModeling-kansas-10_c25.xml.lzma,20,531.0941998958588,45.0
baseline,XCSP3-2025-COP25,ortools,BlockModeling-karate-02_c25.xml.lzma,0,2.5243842601776123,78.0
baseline,XCSP3-2025-COP25,ortools,BlockModeling-karate-02_c25.xml.lzma,1,7.618531227111816,77.0
baseline,XCSP3-2025-COP25,ortools,BlockModeling-politicalactor-02_c25.xml.lzma,0,0.3403279781341553,56.0
baseline,XCSP3-2025-COP25,ortools,BlockModeling-politicalactor-02_c25.xml.lzma,1,0.4205818176269531,53.0
baseline,XCSP3-2025-COP25,ortools,BlockModeling-politicalactor-02_c25.xml.lzma,2,0.513676643371582,52.0
baseline,XCSP3-2025-COP25,ortools,BlockModeling-politicalactor-02_c25.xml.lzma,3,0.662966251373291,49.0
baseline,XCSP3-2025-COP25,ortools,BlockModeling-politicalactor-02_c25.xml.lzma,4,0.6663250923156738,44.0
baseline,XCSP3-2025-COP25,ortools,BlockModeling-politicalactor-03_c25.xml.lzma,0,1.0745153427124023,56.0
baseline,XCSP3-2025-COP25,ortools,BlockModeling-politicalactor-03_c25.xml.lzma,1,1.091719388961792,52.0
baseline,XCSP3-2025-COP25,ortools,BlockModeling-politicalactor-03_c25.xml.lzma,2,1.0988502502441406,49.0
baseline,XCSP3-2025-COP25,ortools,BlockModeling-politicalactor-03_c25.xml.lzma,3,1.8149538040161133,43.0
baseline,XCSP3-2025-COP25,ortools,BlockModeling-politicalactor-03_c25.xml.lzma,4,1.9678425788879395,41.0
baseline,XCSP3-2025-COP25,ortools,BlockModeling-politicalactor-03_c25.xml.lzma,5,1.9955787658691406,40.0
baseline,XCSP3-2025-COP25,ortools,BlockModeling-politicalactor-03_c25.xml.lzma,6,3.3510515689849854,38.0
baseline,XCSP3-2025-COP25,ortools,BlockModeling-politicalactor-03_c25.xml.lzma,7,8.425586223602295,36.0
baseline,XCSP3-2025-COP25,ortools,BlockModeling-politicalactor-10_c25.xml.lzma,0,16.767019033432007,56.0
baseline,XCSP3-2025-COP25,ortools,BlockModeling-politicalactor-10_c25.xml.lzma,1,16.87663221359253,48.0
baseline,XCSP3-2025-COP25,ortools,BlockModeling-politicalactor-10_c25.xml.lzma,2,16.921435356140137,34.0
baseline,XCSP3-2025-COP25,ortools,BlockModeling-politicalactor-10_c25.xml.lzma,3,17.048249006271362,32.0
baseline,XCSP3-2025-COP25,ortools,BlockModeling-politicalactor-10_c25.xml.lzma,4,17.155212879180908,26.0
baseline,XCSP3-2025-COP25,ortools,BlockModeling-politicalactor-10_c25.xml.lzma,5,17.557913064956665,16.0
baseline,XCSP3-2025-COP25,ortools,BlockModeling-politicalactor-10_c25.xml.lzma,6,18.048654794692993,14.0
baseline,XCSP3-2025-COP25,ortools,BlockModeling-politicalactor-10_c25.xml.lzma,7,23.597535848617554,12.0
baseline,XCSP3-2025-COP25,ortools,BlockModeling-politicalactor-10_c25.xml.lzma,8,25.15260601043701,11.0
baseline,XCSP3-2025-COP25,ortools,BlockModeling-politicalactor-10_c25.xml.lzma,9,26.93286633491516,10.0
baseline,XCSP3-2025-COP25,ortools,BlockModeling-politicalactor-10_c25.xml.lzma,10,34.96900296211243,9.0
baseline,XCSP3-2025-COP25,ortools,BlockModeling-transatlantic-02_c25.xml.lzma,0,0.29855799674987793,37.0
baseline,XCSP3-2025-COP25,ortools,BlockModeling-transatlantic-02_c25.xml.lzma,1,0.9018599987030029,35.0
baseline,XCSP3-2025-COP25,ortools,BlockModeling-transatlantic-02_c25.xml.lzma,2,0.9047503471374512,34.0
baseline,XCSP3-2025-COP25,ortools,BlockModeling-transatlantic-02_c25.xml.lzma,3,0.9494671821594238,33.0
baseline,XCSP3-2025-COP25,ortools,BlockModeling-transatlantic-03_c25.xml.lzma,0,0.9220623970031738,37.0
baseline,XCSP3-2025-COP25,ortools,BlockModeling-transatlantic-03_c25.xml.lzma,1,0.9314768314361572,34.0
baseline,XCSP3-2025-COP25,ortools,BlockModeling-transatlantic-03_c25.xml.lzma,2,5.521548271179199,33.0
baseline,XCSP3-2025-COP25,ortools,BlockModeling-transatlantic-03_c25.xml.lzma,3,8.106164455413818,32.0
baseline,XCSP3-2025-COP25,ortools,BlockModeling-transatlantic-03_c25.xml.lzma,4,8.486743450164795,31.0
baseline,XCSP3-2025-COP25,ortools,BlockModeling-transatlantic-03_c25.xml.lzma,5,8.97267460823059,29.0
baseline,XCSP3-2025-COP25,ortools,BlockModeling-transatlantic-10_c25.xml.lzma,0,14.032888174057007,37.0
baseline,XCSP3-2025-COP25,ortools,BlockModeling-transatlantic-10_c25.xml.lzma,1,14.072964191436768,34.0
baseline,XCSP3-2025-COP25,ortools,BlockModeling-transatlantic-10_c25.xml.lzma,2,14.10594916343689,18.0
baseline,XCSP3-2025-COP25,ortools,BlockModeling-transatlantic-10_c25.xml.lzma,3,14.135595798492432,17.0
baseline,XCSP3-2025-COP25,ortools,BlockModeling-transatlantic-10_c25.xml.lzma,4,14.181891202926636,12.0
baseline,XCSP3-2025-COP25,ortools,BlockModeling-transatlantic-10_c25.xml.lzma,5,14.281665325164795,10.0
baseline,XCSP3-2025-COP25,ortools,BlockModeling-transatlantic-10_c25.xml.lzma,6,14.703753232955933,9.0
baseline,XCSP3-2025-COP25,ortools,BlockModeling-transatlantic-10_c25.xml.lzma,7,16.42624855041504,7.0
baseline,XCSP3-2025-COP25,ortools,BlockModeling-transatlantic-10_c25.xml.lzma,8,16.67448401451111,6.0
baseline,XCSP3-2025-COP25,ortools,BusScheduling-c1_c25.xml.lzma,0,2.5964107513427734,32.0
baseline,XCSP3-2025-COP25,ortools,BusScheduling-c1_c25.xml.lzma,1,2.621060848236084,31.0
baseline,XCSP3-2025-COP25,ortools,BusScheduling-c1_c25.xml.lzma,2,2.7530081272125244,30.0
baseline,XCSP3-2025-COP25,ortools,BusScheduling-c1_c25.xml.lzma,3,3.706939458847046,29.0
baseline,XCSP3-2025-COP25,ortools,BusScheduling-c1_c25.xml.lzma,4,3.733597993850708,28.0
baseline,XCSP3-2025-COP25,ortools,BusScheduling-c1_c25.xml.lzma,5,3.8540515899658203,27.0
baseline,XCSP3-2025-COP25,ortools,BusScheduling-c1_c25.xml.lzma,6,6.884573936462402,26.0
baseline,XCSP3-2025-COP25,ortools,BusScheduling-c1a_c25.xml.lzma,0,8.714523553848267,26.0
baseline,XCSP3-2025-COP25,ortools,BusScheduling-c2_c25.xml.lzma,0,11.129918575286865,29.0
baseline,XCSP3-2025-COP25,ortools,BusScheduling-r1_c25.xml.lzma,0,1.5764405727386475,16.0
baseline,XCSP3-2025-COP25,ortools,BusScheduling-r1_c25.xml.lzma,1,1.667283296585083,15.0
baseline,XCSP3-2025-COP25,ortools,BusScheduling-r1_c25.xml.lzma,2,1.8003814220428467,14.0
baseline,XCSP3-2025-COP25,ortools,BusScheduling-r1_c25.xml.lzma,3,1.915919542312622,13.0
baseline,XCSP3-2025-COP25,ortools,BusScheduling-r1_c25.xml.lzma,4,6.106064796447754,12.0
baseline,XCSP3-2025-COP25,ortools,BusScheduling-r1_c25.xml.lzma,5,6.46796441078186,11.0
baseline,XCSP3-2025-COP25,ortools,BusScheduling-r1a_c25.xml.lzma,0,4.183431148529053,15.0
baseline,XCSP3-2025-COP25,ortools,BusScheduling-r1a_c25.xml.lzma,1,4.193149566650391,14.0
baseline,XCSP3-2025-COP25,ortools,BusScheduling-r1a_c25.xml.lzma,2,4.220892667770386,13.0
baseline,XCSP3-2025-COP25,ortools,BusScheduling-r1a_c25.xml.lzma,3,6.230052947998047,12.0
baseline,XCSP3-2025-COP25,ortools,BusScheduling-r1a_c25.xml.lzma,4,11.230453491210938,11.0
baseline,XCSP3-2025-COP25,ortools,BusScheduling-r2_c25.xml.lzma,0,1.8255424499511719,16.0
baseline,XCSP3-2025-COP25,ortools,BusScheduling-r2_c25.xml.lzma,1,1.8421053886413574,15.0
baseline,XCSP3-2025-COP25,ortools,BusScheduling-r2_c25.xml.lzma,2,2.331758499145508,14.0
baseline,XCSP3-2025-COP25,ortools,BusScheduling-r3_c25.xml.lzma,0,79.37823247909546,17.0
baseline,XCSP3-2025-COP25,ortools,BusScheduling-r3_c25.xml.lzma,1,80.59882640838623,16.0
baseline,XCSP3-2025-COP25,ortools,BusScheduling-r4_c25.xml.lzma,0,1.2256495952606201,31.0
baseline,XCSP3-2025-COP25,ortools,BusScheduling-r4_c25.xml.lzma,1,1.7642080783843994,30.0
baseline,XCSP3-2025-COP25,ortools,BusScheduling-r4_c25.xml.lzma,2,3.5304172039031982,28.0
baseline,XCSP3-2025-COP25,ortools,BusScheduling-r4_c25.xml.lzma,3,4.262253761291504,27.0
baseline,XCSP3-2025-COP25,ortools,BusScheduling-r4_c25.xml.lzma,4,4.735675811767578,26.0
baseline,XCSP3-2025-COP25,ortools,BusScheduling-r4_c25.xml.lzma,5,5.11283278465271,25.0
baseline,XCSP3-2025-COP25,ortools,BusScheduling-r5_c25.xml.lzma,0,12.018489122390747,31.0
baseline,XCSP3-2025-COP25,ortools,BusScheduling-r5_c25.xml.lzma,1,20.85800576210022,30.0
baseline,XCSP3-2025-COP25,ortools,BusScheduling-r5_c25.xml.lzma,2,105.6046953201294,29.0
baseline,XCSP3-2025-COP25,ortools,BusScheduling-r5a_c25.xml.lzma,0,13.1210618019104,28.0
baseline,XCSP3-2025-COP25,ortools,BusScheduling-t1_c25.xml.lzma,0,0.05925750732421875,8.0
baseline,XCSP3-2025-COP25,ortools,BusScheduling-t1_c25.xml.lzma,1,0.059990644454956055,7.0
baseline,XCSP3-2025-COP25,ortools,BusScheduling-t2_c25.xml.lzma,0,1.8043367862701416,22.0
baseline,XCSP3-2025-COP25,ortools,BusScheduling-t2_c25.xml.lzma,1,1.8517038822174072,21.0
baseline,XCSP3-2025-COP25,ortools,BusScheduling-t2_c25.xml.lzma,2,4.985823392868042,20.0
baseline,XCSP3-2025-COP25,ortools,BusScheduling-t2_c25.xml.lzma,3,5.406319618225098,19.0
baseline,XCSP3-2025-COP25,ortools,ButtonsScissors-00_c25.xml.lzma,0,52.11958193778992,10.0
baseline,XCSP3-2025-COP25,ortools,ButtonsScissors-00_c25.xml.lzma,1,52.82204008102417,9.0
baseline,XCSP3-2025-COP25,ortools,ButtonsScissors-01_c25.xml.lzma,0,51.19554376602173,22.0
baseline,XCSP3-2025-COP25,ortools,ButtonsScissors-01_c25.xml.lzma,1,51.23116731643677,21.0
baseline,XCSP3-2025-COP25,ortools,ButtonsScissors-01_c25.xml.lzma,2,51.654468059539795,15.0
baseline,XCSP3-2025-COP25,ortools,ButtonsScissors-01_c25.xml.lzma,3,52.1332151889801,10.0
baseline,XCSP3-2025-COP25,ortools,ButtonsScissors-02_c25.xml.lzma,0,52.93375611305237,31.0
baseline,XCSP3-2025-COP25,ortools,ButtonsScissors-02_c25.xml.lzma,1,52.95201873779297,30.0
baseline,XCSP3-2025-COP25,ortools,ButtonsScissors-02_c25.xml.lzma,2,52.96354007720947,29.0
baseline,XCSP3-2025-COP25,ortools,ButtonsScissors-02_c25.xml.lzma,3,52.975608110427856,28.0
baseline,XCSP3-2025-COP25,ortools,ButtonsScissors-02_c25.xml.lzma,4,52.98724961280823,26.0
baseline,XCSP3-2025-COP25,ortools,ButtonsScissors-02_c25.xml.lzma,5,52.999746561050415,24.0
baseline,XCSP3-2025-COP25,ortools,ButtonsScissors-02_c25.xml.lzma,6,53.01165413856506,23.0
baseline,XCSP3-2025-COP25,ortools,ButtonsScissors-02_c25.xml.lzma,7,53.0207896232605,19.0
baseline,XCSP3-2025-COP25,ortools,ButtonsScissors-02_c25.xml.lzma,8,53.02851152420044,18.0
baseline,XCSP3-2025-COP25,ortools,ButtonsScissors-02_c25.xml.lzma,9,53.035112380981445,17.0
baseline,XCSP3-2025-COP25,ortools,ButtonsScissors-02_c25.xml.lzma,10,53.04073238372803,16.0
baseline,XCSP3-2025-COP25,ortools,ButtonsScissors-02_c25.xml.lzma,11,53.052584171295166,15.0
baseline,XCSP3-2025-COP25,ortools,ButtonsScissors-02_c25.xml.lzma,12,53.09156942367554,14.0
baseline,XCSP3-2025-COP25,ortools,ButtonsScissors-02_c25.xml.lzma,13,53.104812145233154,13.0
baseline,XCSP3-2025-COP25,ortools,ButtonsScissors-02_c25.xml.lzma,14,53.12130284309387,12.0
baseline,XCSP3-2025-COP25,ortools,ButtonsScissors-02_c25.xml.lzma,15,53.13239240646362,11.0
baseline,XCSP3-2025-COP25,ortools,ButtonsScissors-02_c25.xml.lzma,16,53.14032506942749,10.0
baseline,XCSP3-2025-COP25,ortools,ButtonsScissors-02_c25.xml.lzma,17,53.18974423408508,9.0
